Metric,Original BERT,LoRA Fine-Tuned BERT,Accuracy,F1 Score,Error Rate
eval_loss,0.4971199035644531,0.5013431310653687,0.756626936474698,0.7566269990208649,0.24337306352530197
eval_model_preparation_time,0.0044,1241.1106,0.756626936474698,0.7566269990208649,0.24337306352530197
eval_runtime,1130.412,243.563,0.756626936474698,0.7566269990208649,0.24337306352530197
eval_samples_per_second,267.415,7.612,0.756626936474698,0.7566269990208649,0.24337306352530197
eval_steps_per_second,8.357,1.0,0.756626936474698,0.7566269990208649,0.24337306352530197
